<?xml version="1.0" encoding="utf-8"?>
<LinearLayout xmlns:android="http://schemas.android.com/apk/res/android" xmlns:app="http://schemas.android.com/apk/res-auto" xmlns:aapt="http://schemas.android.com/aapt" android:orientation="vertical" android:layout_width="match_parent" android:layout_height="wrap_content">
    <LinearLayout android:orientation="horizontal" android:layout_height="wrap_content" style="@style/layout_thead05">
        <LinearLayout android:orientation="vertical" android:layout_width="0dp" android:layout_height="wrap_content" android:layout_weight="8" style="@style/layout_thead05">
            <TextView android:id="@+id/txt_MENU01" android:layout_width="match_parent" android:text="에세이" style="@style/txtMainMenu"/>
            <TextView android:id="@+id/txt_MENU01_LINE" android:background="@color/black" android:layout_width="match_parent" android:layout_height="2dp" android:layout_marginLeft="25dp" android:layout_marginRight="25dp" android:text="" style="@style/txtMainMenu"/>
        </LinearLayout>
        <LinearLayout android:orientation="vertical" android:layout_width="0dp" android:layout_height="wrap_content" android:layout_weight="8" style="@style/layout_thead05">
            <TextView android:id="@+id/txt_MENU02" android:layout_width="match_parent" android:text="시" style="@style/txtMainMenu"/>
            <TextView android:id="@+id/txt_MENU02_LINE" android:background="@color/black" android:layout_width="match_parent" android:layout_height="2dp" android:layout_marginLeft="25dp" android:layout_marginRight="25dp" android:text="" style="@style/txtMainMenu"/>
        </LinearLayout>
        <LinearLayout android:orientation="vertical" android:layout_width="0dp" android:layout_height="wrap_content" android:layout_weight="8" style="@style/layout_thead05">
            <TextView android:id="@+id/txt_MENU03" android:layout_width="match_parent" android:text="공지사항" style="@style/txtMainMenu"/>
            <TextView android:id="@+id/txt_MENU03_LINE" android:background="@color/black" android:layout_width="match_parent" android:layout_height="2dp" android:layout_marginLeft="25dp" android:layout_marginRight="25dp" android:text="" style="@style/txtMainMenu"/>
        </LinearLayout>
    </LinearLayout>
</LinearLayout>
