<?xml version="1.0" encoding="utf-8"?>
<LinearLayout xmlns:android="http://schemas.android.com/apk/res/android" xmlns:app="http://schemas.android.com/apk/res-auto" android:orientation="vertical" android:layout_width="match_parent" android:layout_height="wrap_content">
    <LinearLayout android:gravity="center_vertical" android:orientation="horizontal" android:id="@+id/adapter_body" android:background="@color/white" android:layout_height="80dp" style="@style/layout_tbody">
        <LinearLayout android:gravity="center" android:orientation="vertical" android:padding="10dp" android:layout_width="0dp" android:layout_height="match_parent" android:layout_weight="6">
            <TextView android:textSize="18sp" android:id="@+id/jBean01" android:background="@drawable/profile" android:layout_width="50dp" android:layout_height="50dp"/>
        </LinearLayout>
        <LinearLayout android:orientation="vertical" android:layout_width="0dp" android:layout_height="match_parent" android:layout_weight="15">
            <TextView android:textSize="14sp" android:textStyle="bold" android:gravity="left|center_vertical|center_horizontal|center" android:id="@+id/jBean02" android:layout_width="match_parent" android:layout_height="0dp" android:text="홍길동" android:layout_weight="5" style="@style/textview_body"/>
            <TextView android:textSize="12sp" android:textColor="@color/black515151" android:gravity="left|center_vertical|center_horizontal|center" android:id="@+id/jBean03" android:layout_width="match_parent" android:layout_height="0dp" android:text="댓글내용" android:layout_weight="10" style="@style/textview_body"/>
        </LinearLayout>
        <LinearLayout android:orientation="vertical" android:layout_width="0dp" android:layout_height="match_parent" android:layout_weight="6">
            <TextView android:textSize="12sp" android:textColor="@color/grayC5C5C5" android:gravity="right|center_vertical|center_horizontal|center" android:id="@+id/jBean04" android:layout_width="match_parent" android:layout_height="0dp" android:text="신고" android:layout_weight="5" style="@style/textview_body"/>
            <TextView android:textSize="12sp" android:textColor="@color/grayC5C5C5" android:gravity="right|center_vertical|center_horizontal|center" android:id="@+id/jBean05" android:layout_width="match_parent" android:layout_height="0dp" android:text="2021-01-01" android:layout_weight="5" style="@style/textview_body"/>
        </LinearLayout>
    </LinearLayout>
    <View style="@style/layout_line_h2"/>
</LinearLayout>
