<?xml version="1.0" encoding="utf-8"?>
<androidx.constraintlayout.widget.ConstraintLayout xmlns:android="http://schemas.android.com/apk/res/android" xmlns:app="http://schemas.android.com/apk/res-auto" android:layout_width="match_parent" android:layout_height="match_parent">
    <LinearLayout android:orientation="vertical" android:background="@color/white" android:layout_width="match_parent" android:layout_height="match_parent">
        <LinearLayout android:layout_width="match_parent" android:layout_height="wrap_content">
            <include android:id="@+id/include_top" android:layout_width="match_parent" android:layout_height="wrap_content" layout="@layout/include_top"/>
        </LinearLayout>
        <LinearLayout android:layout_width="match_parent" android:layout_height="wrap_content" android:layout_marginBottom="30dp">
            <include android:id="@+id/include_menu" android:layout_width="match_parent" android:layout_height="wrap_content" layout="@layout/include_menu"/>
        </LinearLayout>
        <View style="@style/layout_line_h"/>
        <androidx.recyclerview.widget.RecyclerView android:id="@+id/recyclerView" android:scrollbars="vertical" android:layout_width="match_parent" android:layout_height="wrap_content" android:layout_weight="10"/>
    </LinearLayout>
</androidx.constraintlayout.widget.ConstraintLayout>
