<?xml version="1.0" encoding="utf-8"?>
<androidx.constraintlayout.widget.ConstraintLayout xmlns:android="http://schemas.android.com/apk/res/android" xmlns:app="http://schemas.android.com/apk/res-auto" xmlns:aapt="http://schemas.android.com/aapt" android:layout_width="match_parent" android:layout_height="match_parent">
    <LinearLayout android:orientation="vertical" android:id="@+id/lay_BAKGRD" android:background="@color/white" android:layout_width="match_parent" android:layout_height="match_parent">
        <LinearLayout android:orientation="horizontal" android:layout_width="match_parent" android:layout_height="wrap_content" android:layout_marginLeft="15dp" android:layout_marginRight="15dp">
            <Button android:id="@+id/btn_back" android:background="@drawable/btn_back" android:layout_width="50dp" android:layout_height="50dp"/>
            <TextView android:textSize="18dp" android:textStyle="bold" android:textColor="@color/black515151" android:layout_width="0dp" android:layout_height="wrap_content" android:layout_marginTop="5dp" android:layout_marginBottom="5dp" android:layout_weight="10"/>
            <Button android:id="@+id/btn_BAKWHI" android:background="@drawable/back_white" android:layout_width="20dp" android:layout_height="20dp" android:layout_marginRight="5dp"/>
            <Button android:id="@+id/btn_BAKYEL" android:background="@drawable/back_yellow" android:layout_width="20dp" android:layout_height="20dp"/>
            <TextView android:textSize="20sp" android:textStyle="bold" android:textColor="@color/black" android:layout_width="5dp" android:layout_height="wrap_content" android:layout_marginLeft="5dp" android:layout_marginRight="5dp" android:text="|"/>
            <Button android:id="@+id/btn_TXT_UP" android:background="@drawable/font_big" android:layout_width="30dp" android:layout_height="30dp"/>
            <Button android:id="@+id/btn_TXT_DN" android:background="@drawable/font_small" android:layout_width="30dp" android:layout_height="30dp"/>
        </LinearLayout>
        <LinearLayout android:orientation="vertical" android:layout_width="match_parent" android:layout_height="wrap_content" android:layout_marginLeft="15dp" android:layout_marginRight="15dp">
            <TextView android:id="@+id/txt_BTITLE" android:layout_margin="10sp" android:text="책제목" style="@style/txtBookTitle"/>
            <TextView android:gravity="right" android:id="@+id/txt_BWRITE" android:paddingBottom="10dp" android:text="익명 저" style="@style/txtBookWrite"/>
            <ScrollView android:id="@+id/scl_SUBJET" android:scrollbars="none" android:layout_width="match_parent" android:layout_height="match_parent" android:layout_margin="10dp" style="@style/layout_thead05">
                <TextView android:gravity="left" android:id="@+id/txt_CONTNT" android:text="" android:lineSpacingExtra="10dp" style="@style/txtBookContent"/>
            </ScrollView>
        </LinearLayout>
    </LinearLayout>
</androidx.constraintlayout.widget.ConstraintLayout>
