<?xml version="1.0" encoding="utf-8"?>
<androidx.constraintlayout.widget.ConstraintLayout xmlns:android="http://schemas.android.com/apk/res/android" xmlns:app="http://schemas.android.com/apk/res-auto" android:layout_width="match_parent" android:layout_height="match_parent">
    <LinearLayout android:orientation="vertical" android:background="@color/white" android:layout_width="match_parent" android:layout_height="match_parent">
        <LinearLayout android:layout_width="match_parent" android:layout_height="wrap_content">
            <include android:id="@+id/include_top" android:layout_width="match_parent" android:layout_height="wrap_content" layout="@layout/include_top"/>
        </LinearLayout>
        <LinearLayout android:layout_width="match_parent" android:layout_height="wrap_content">
            <include android:id="@+id/include_menu" android:layout_width="match_parent" android:layout_height="wrap_content" layout="@layout/include_menu"/>
        </LinearLayout>
        <ScrollView android:id="@+id/scl_MAIN" android:layout_width="match_parent" android:layout_height="match_parent" android:layout_weight="20" style="@style/layout_thead05">
            <LinearLayout android:orientation="vertical" android:layout_height="match_parent" style="@style/layout_thead05">
                <LinearLayout android:orientation="horizontal" android:layout_height="wrap_content" android:layout_marginLeft="20dp" android:layout_marginTop="10dp" style="@style/layout_thead05">
                    <TextView android:gravity="left|center_vertical|center_horizontal|center" android:text="ABOUT CICERO" android:layout_weight="20" style="@style/txtMainTitle"/>
                </LinearLayout>
                <LinearLayout android:orientation="horizontal" android:id="@+id/lay_NOTICE" android:layout_height="wrap_content" android:layout_marginLeft="30dp" android:layout_marginTop="20dp" android:layout_marginRight="30dp" android:layout_marginBottom="20dp" style="@style/layout_thead05">
                    <LinearLayout android:orientation="vertical" android:layout_width="0dp" android:layout_height="200dp" android:layout_weight="8" style="@style/txtHead02">
                        <TextView android:gravity="bottom|center_vertical|center_horizontal|center" android:background="@drawable/book_img" android:layout_width="40dp" android:layout_height="0dp" android:layout_marginTop="60dp" android:text="" android:layout_weight="8" style="@style/txtHead02Text"/>
                        <TextView android:gravity="center_horizontal" android:layout_width="match_parent" android:layout_height="0dp" android:text="공지사항" android:layout_weight="20" style="@style/txtHead02Text"/>
                    </LinearLayout>
                </LinearLayout>
                <LinearLayout android:orientation="horizontal" android:layout_height="wrap_content" style="@style/layout_thead05"/>
                <LinearLayout android:orientation="horizontal" android:layout_height="wrap_content" style="@style/layout_thead05">
                    <TextView android:gravity="left|center_vertical|center_horizontal|center" android:layout_marginLeft="20dp" android:text="카테고리" android:layout_weight="20" style="@style/txtMainTitle"/>
                </LinearLayout>
                <LinearLayout android:orientation="vertical" android:layout_height="wrap_content" android:layout_marginLeft="30dp" android:layout_marginTop="20dp" android:layout_marginRight="30dp" android:layout_marginBottom="30dp" style="@style/layout_thead05">
                    <LinearLayout android:orientation="horizontal" android:layout_height="200dp" android:layout_marginBottom="15dp" style="@style/layout_thead05">
                        <LinearLayout android:orientation="vertical" android:id="@+id/lay_MENU01" android:layout_width="0dp" android:layout_marginRight="15dp" android:layout_weight="8" style="@style/txtHead02">
                            <TextView android:gravity="bottom|center_vertical|center_horizontal|center" android:background="@drawable/menu01" android:layout_width="40dp" android:layout_height="0dp" android:layout_marginTop="60dp" android:text="" android:layout_weight="8" style="@style/txtHead02Text"/>
                            <TextView android:gravity="center_horizontal" android:layout_width="match_parent" android:layout_height="0dp" android:text="행복" android:layout_weight="20" style="@style/txtHead02Text"/>
                        </LinearLayout>
                        <LinearLayout android:orientation="vertical" android:id="@+id/lay_MENU02" android:layout_width="0dp" android:layout_marginLeft="15dp" android:layout_weight="8" style="@style/txtHead02">
                            <TextView android:gravity="bottom|center_vertical|center_horizontal|center" android:background="@drawable/menu02" android:layout_width="40dp" android:layout_height="0dp" android:layout_marginTop="60dp" android:text="" android:layout_weight="8" style="@style/txtHead02Text"/>
                            <TextView android:gravity="center_horizontal" android:layout_width="match_parent" android:layout_height="0dp" android:text="인생" android:layout_weight="20" style="@style/txtHead02Text"/>
                        </LinearLayout>
                    </LinearLayout>
                    <LinearLayout android:orientation="horizontal" android:layout_height="200dp" style="@style/layout_thead05">
                        <LinearLayout android:orientation="vertical" android:id="@+id/lay_MENU03" android:layout_width="0dp" android:layout_marginRight="15dp" android:layout_weight="8" style="@style/txtHead02">
                            <TextView android:gravity="bottom|center_vertical|center_horizontal|center" android:background="@drawable/menu03" android:layout_width="40dp" android:layout_height="0dp" android:layout_marginTop="60dp" android:text="" android:layout_weight="8" style="@style/txtHead02Text"/>
                            <TextView android:gravity="center_horizontal" android:layout_width="match_parent" android:layout_height="0dp" android:text="우정" android:layout_weight="20" style="@style/txtHead02Text"/>
                        </LinearLayout>
                        <LinearLayout android:orientation="vertical" android:id="@+id/lay_MENU04" android:layout_width="0dp" android:layout_marginLeft="15dp" android:layout_weight="8" style="@style/txtHead02">
                            <TextView android:gravity="bottom|center_vertical|center_horizontal|center" android:background="@drawable/menu04" android:layout_width="40dp" android:layout_height="0dp" android:layout_marginTop="60dp" android:text="" android:layout_weight="8" style="@style/txtHead02Text"/>
                            <TextView android:gravity="center_horizontal" android:layout_width="match_parent" android:layout_height="0dp" android:text="기타" android:layout_weight="20" style="@style/txtHead02Text"/>
                        </LinearLayout>
                    </LinearLayout>
                </LinearLayout>
            </LinearLayout>
        </ScrollView>
    </LinearLayout>
</androidx.constraintlayout.widget.ConstraintLayout>
