<?xml version="1.0" encoding="utf-8"?>
<androidx.constraintlayout.widget.ConstraintLayout xmlns:android="http://schemas.android.com/apk/res/android" xmlns:app="http://schemas.android.com/apk/res-auto" xmlns:aapt="http://schemas.android.com/aapt" android:layout_width="match_parent" android:layout_height="match_parent">
    <LinearLayout android:orientation="vertical" android:background="@color/white" android:layout_width="match_parent" android:layout_height="match_parent">
        <LinearLayout android:layout_width="match_parent" android:layout_height="wrap_content">
            <include android:id="@+id/include_top" android:layout_width="match_parent" android:layout_height="wrap_content" layout="@layout/include_top"/>
        </LinearLayout>
        <LinearLayout android:orientation="vertical" android:layout_width="match_parent" android:layout_height="wrap_content" android:layout_marginLeft="15dp" android:layout_marginRight="15dp">
            <View style="@style/layout_line_h"/>
            <TextView android:textSize="18dp" android:textStyle="bold" android:textColor="@color/black515151" android:id="@+id/txt_NTITLE" android:layout_width="match_parent" android:layout_height="wrap_content" android:layout_marginTop="5dp" android:layout_marginBottom="5dp"/>
            <TextView android:textSize="14dp" android:textColor="@color/grayC5C5C5" android:id="@+id/txt_NOTDAT" android:layout_width="match_parent" android:layout_height="wrap_content" android:layout_marginBottom="5dp"/>
            <View style="@style/layout_line_h"/>
            <ScrollView android:id="@+id/scl_SUBJET" android:layout_width="match_parent" android:layout_height="match_parent" android:layout_marginBottom="10dp" style="@style/layout_thead05">
                <TextView android:textSize="14dp" android:textColor="@color/black515151" android:id="@+id/txt_CONTNT" android:layout_width="match_parent" android:layout_height="wrap_content"/>
            </ScrollView>
        </LinearLayout>
    </LinearLayout>
</androidx.constraintlayout.widget.ConstraintLayout>
