<?xml version="1.0" encoding="utf-8"?>
<LinearLayout xmlns:android="http://schemas.android.com/apk/res/android" xmlns:app="http://schemas.android.com/apk/res-auto" xmlns:aapt="http://schemas.android.com/aapt" android:orientation="vertical" android:layout_width="match_parent" android:layout_height="wrap_content">
    <LinearLayout android:gravity="center_vertical" android:id="@+id/adapter_body" android:background="@color/white" android:layout_height="80dp" android:layout_marginLeft="20dp" android:layout_marginRight="20dp" style="@style/layout_tbody">
        <LinearLayout android:orientation="vertical" android:layout_width="0dp" android:layout_height="match_parent" android:layout_weight="15">
            <TextView android:textSize="18sp" android:id="@+id/jBean01" android:layout_width="match_parent" android:layout_height="0dp" android:layout_weight="8" style="@style/textview_body"/>
            <TextView android:textSize="12sp" android:textColor="@color/grayC5C5C5" android:id="@+id/jBean02" android:layout_width="match_parent" android:layout_height="0dp" android:layout_weight="5" style="@style/textview_body"/>
        </LinearLayout>
        <TextView android:id="@+id/jBean03" android:background="@drawable/btn_next" android:layout_height="50dp" android:layout_weight="2" style="@style/textview_body"/>
    </LinearLayout>
    <View style="@style/layout_line_h2"/>
</LinearLayout>
